{
  "namespace": "chest",
  "small_chest_screen@common.inventory_screen_common": {
    "$close_on_player_hurt|default": true,
    "$use_custom_pocket_toast|default": false,
    "close_on_player_hurt": "$close_on_player_hurt",
    "$text": "$container_title",
    "variables": [
      {
        "requires": "($desktop_screen and (not ($text = '§t§e§s§t§r')))",
        "$screen_content": "chest.small_chest_panel",
        "$screen_bg_content": "common.screen_background",
        "$screen_background_alpha": 0.4
      },
      {
        "requires": "($pocket_screen and (not ($text = '§t§e§s§t§r')))",
        "$use_custom_pocket_toast": true,
        "$screen_content": "pocket_containers.small_chest_panel"
      },
      {
        "requires": "($text = '§t§e§s§t§r')",
        "$screen_content": "chest.custom"
      }
    ]
  },
  "custom": {
    "type": "panel",
    "controls": [
      {
        "root_panel@common.root_panel": {
          "layer": 1,
          "controls": [
            {
              "common_panel@common.common_panel": {}
            },
            {
              "chest_panel": {
                "type": "panel",
                "layer": 5,
                "controls": [
                  {
                    "small_chest_custom_panel_top_half@chest.small_chest_custom_panel_top_half": {}
                  },
                  {
                    "inventory_panel_bottom_half_with_label@common.inventory_panel_bottom_half_with_label": {}
                  },
                  {
                    "hotbar_grid@common.hotbar_grid_template": {}
                  },
                  {
                    "inventory_take_progress_icon_button@common.inventory_take_progress_icon_button": {}
                  },
                  {
                    "flying_item_renderer@common.flying_item_renderer": {
                      "layer": 15
                    }
                  }
                ]
              }
            },
            {
              "inventory_selected_icon_button@common.inventory_selected_icon_button": {}
            },
            {
              "gamepad_cursor@common.gamepad_cursor_button": {}
            }
          ]
        }
      }
    ]
  },
  "small_chest_custom_panel_top_half": {
    "type": "panel",
    "size": [
      "100%",
      "50%"
    ],
    "offset": [
      0,
      12
    ],
    "anchor_to": "top_left",
    "anchor_from": "top_left",
    "controls": [
      {
        "chest_label@chest.chest_label": {}
      },
      {
        "small_chest_custom_panel@chest.small_chest_custom_panel": {}
      }
    ]
  },
  "small_chest_custom_panel": {
    "type": "collection_panel",
    "size": [
      162,
      54
    ],
    "anchor_from": "top_left",
    "anchor_to": "top_left",
    "$item_collection_name": "container_items",
    "collection_name": "container_items",
    "$dark_border_toggle_hover_color": [
      1,
      1,
      1
    ],
    "controls": [
      {
        "item2@chest.container_item_with_picture": {
          "collection_index": 2,
          "anchor_from": "top_left",
          "anchor_to": "top_left",
          "offset": [
            43,
            40
          ],
          "$path_to_image": "textures/ui/custom/custom_ingot_image_mjsdnywtnme4k"
        }
      },
      {
        "item6@chest.container_item_with_picture": {
          "collection_index": 6,
          "anchor_from": "top_left",
          "anchor_to": "top_left",
          "offset": [
            7,
            40
          ],
          "$path_to_image": "textures/ui/custom/custom_templates_slot_overlay_mjsdm6kmd7ds4"
        }
      },
      {
        "item7@chest.container_item": {
          "collection_index": 7,
          "anchor_from": "top_left",
          "anchor_to": "top_left",
          "offset": [
            25,
            40
          ]
        }
      },
      {
        "item9@chest.container_item": {
          "collection_index": 9,
          "anchor_from": "top_left",
          "anchor_to": "top_left",
          "offset": [
            97,
            40
          ]
        }
      },
      {
        "image_4": {
          "type": "image",
          "texture": "textures/ui/custom/custom_arrow_mjse47o6f0xvh",
          "layer": 2,
          "alpha": 1,
          "anchor_from": "top_left",
          "anchor_to": "top_left",
          "offset": [
            70,
            41
          ],
          "size": [
            21,
            17
          ]
        }
      },
      {
        "image_5": {
          "type": "image",
          "texture": "textures/ui/custom/custom_smithing_icon_mjse648se6nmn",
          "layer": 2,
          "alpha": 1,
          "anchor_from": "top_left",
          "anchor_to": "top_left",
          "offset": [
            7,
            3
          ],
          "size": [
            32,
            32
          ]
        }
      },
      {
        "name": {
          "type": "label",
          "text": "Upgrade Gear",
          "color": [
            0.25,
            0.25,
            0.25
          ],
          "anchor_from": "top_left",
          "anchor_to": "top_left",
          "offset": [
            52.24999678762334,
            12.16541491056743
          ]
        }
      }
    ]
  },
  "image_template": {
    "type": "image",
    "texture": "$texture",
    "bindings": [
      {
        "binding_name": "#hover_text",
        "binding_type": "collection",
        "binding_collection_name": "container_items"
      },
      {
        "binding_type": "view",
        "source_property_name": "( #hover_text - ('%.6s' * #hover_text) = $binding_text)",
        "target_property_name": "#visible"
      }
    ]
  },
  "container_item": {
    "type": "input_panel",
    "size": [
      18,
      18
    ],
    "layer": 1,
    "$cell_image_size|default": [
      18,
      18
    ],
    "$cell_overlay_ref|default": "common.cell_overlay",
    "$button_ref|default": "common.container_slot_button_prototype",
    "$stack_count_required|default": true,
    "$durability_bar_required|default": true,
    "$storage_bar_required|default": true,
    "$item_renderer|default": "common.item_renderer",
    "$item_renderer_panel_size|default": [
      18,
      18
    ],
    "$item_renderer_size|default": [
      16,
      16
    ],
    "$item_renderer_offset|default": [
      0,
      0
    ],
    "$background_images|default": "common.cell_image_panel",
    "$background_image_control_name|default": "bg",
    "$focus_id|default": "",
    "$focus_override_down|default": "",
    "$focus_override_up|default": "",
    "$focus_override_left|default": "",
    "$focus_override_right|default": "",
    "focus_identifier": "$focus_id",
    "focus_change_down": "$focus_override_down",
    "focus_change_up": "$focus_override_up",
    "focus_change_left": "$focus_override_left",
    "focus_change_right": "$focus_override_right",
    "focus_enabled": true,
    "focus_wrap_enabled": false,
    "focus_magnet_enabled": true,
    "controls": [
      {
        "item_cell": {
          "type": "panel",
          "size": "$cell_image_size",
          "layer": 0,
          "controls": [
            {
              "$background_image_control_name@$background_images": {
                "layer": 1
              }
            },
            {
              "item": {
                "type": "panel",
                "size": "$item_renderer_panel_size",
                "layer": 0,
                "controls": [
                  {
                    "stack_count_label@common.stack_count_label": {
                      "layer": 27
                    }
                  },
                  {
                    "$item_renderer@$item_renderer": {
                      "size": "$item_renderer_size",
                      "offset": "$item_renderer_offset",
                      "anchor_to": "center",
                      "anchor_from": "center",
                      "layer": 7
                    }
                  }
                ]
              }
            },
            {
              "durability_bar@common.durability_bar": {
                "layer": 20
              }
            },
            {
              "storage_bar@common.storage_bar": {
                "layer": 20
              }
            }
          ]
        }
      },
      {
        "item_cell_overlay_ref@$cell_overlay_ref": {
          "layer": 3
        }
      },
      {
        "item_selected_image@common.slot_selected": {
          "layer": 4
        }
      },
      {
        "item_button_ref@$button_ref": {
          "tts_ignore_count": true,
          "tts_skip_message": true,
          "tts_inherit_siblings": true,
          "layer": 5
        }
      },
      {
        "container_item_lock_overlay@common.container_item_lock_overlay": {
          "size": "$item_renderer_size",
          "offset": [
            1,
            1
          ],
          "anchor_to": "top_left",
          "anchor_from": "top_left",
          "layer": 6
        }
      },
      {
        "item_lock_cell_image@common.item_lock_cell_image": {
          "layer": 2
        }
      }
    ]
  },
  "container_item_with_picture": {
    "type": "input_panel",
    "size": [
      18,
      18
    ],
    "layer": 1,
    "$path_to_image|default": "",
    "$cell_image_size|default": [
      18,
      18
    ],
    "$cell_overlay_ref|default": "common.cell_overlay",
    "$button_ref|default": "common.container_slot_button_prototype",
    "$stack_count_required|default": true,
    "$durability_bar_required|default": true,
    "$storage_bar_required|default": true,
    "$item_renderer|default": "common.item_renderer",
    "$item_renderer_panel_size|default": [
      18,
      18
    ],
    "$item_renderer_size|default": [
      16,
      16
    ],
    "$item_renderer_offset|default": [
      0,
      0
    ],
    "$background_images|default": "common.cell_image_panel",
    "$background_image_control_name|default": "bg",
    "$focus_id|default": "",
    "$focus_override_down|default": "",
    "$focus_override_up|default": "",
    "$focus_override_left|default": "",
    "$focus_override_right|default": "",
    "focus_identifier": "$focus_id",
    "focus_change_down": "$focus_override_down",
    "focus_change_up": "$focus_override_up",
    "focus_change_left": "$focus_override_left",
    "focus_change_right": "$focus_override_right",
    "focus_enabled": true,
    "focus_wrap_enabled": false,
    "focus_magnet_enabled": true,
    "controls": [
      {
        "item_cell": {
          "type": "panel",
          "size": "$cell_image_size",
          "layer": 0,
          "controls": [
            {
              "$background_image_control_name@$background_images": {
                "layer": 1
              }
            },
            {
              "item": {
                "type": "panel",
                "size": "$item_renderer_panel_size",
                "layer": 0,
                "controls": [
                  {
                    "stack_count_label@common.stack_count_label": {
                      "layer": 27
                    }
                  },
                  {
                    "pic": {
                      "type": "image",
                      "texture": "$path_to_image",
                      "layer": 6,
                      "anchor_from": "center",
                      "anchor_to": "center",
                      "size": [
                        16,
                        16
                      ]
                    }
                  },
                  {
                    "$item_renderer@$item_renderer": {
                      "size": "$item_renderer_size",
                      "offset": "$item_renderer_offset",
                      "anchor_to": "center",
                      "anchor_from": "center",
                      "layer": 7
                    }
                  }
                ]
              }
            },
            {
              "durability_bar@common.durability_bar": {
                "layer": 20
              }
            },
            {
              "storage_bar@common.storage_bar": {
                "layer": 20
              }
            }
          ]
        }
      },
      {
        "item_cell_overlay_ref@$cell_overlay_ref": {
          "layer": 3
        }
      },
      {
        "item_selected_image@common.slot_selected": {
          "layer": 4
        }
      },
      {
        "item_button_ref@$button_ref": {
          "tts_ignore_count": true,
          "tts_skip_message": true,
          "tts_inherit_siblings": true,
          "layer": 5
        }
      }
    ]
  }
}